{
    "usuario": "LUIS DAS ARTIMANHAS",
    "COMPUTERNAME": "LUIS-DAS-ARTIMA",
    "NomeHost": "                              LUIS-DAS-ARTIMA",
    "NomeSistema operacional": "               Microsoft Windows 10 Pro",
    "FabricanteSistema operacional": "         Microsoft Corporation",
    "ModeloSistema": "                         ChiefRiver Platform",
    "TipoSistema": "                           x64-based PC",
    "Processador": "                           1 processador(es) instalado(s).",
    "LocalidadeSistema": "                     pt-br;Portugu�s (Brasil)"
}
